date,time,datetime,timezone,message_id,html_file,has_text,photo_count,file_count,photos,files,source,api_message_id,text
2026-06-22,22:52:57,2026-06-22T22:52:57+09:00,UTC+09:00,message4775,telegram_api,False,1,0,,,telegram_api,4775,
2026-06-22,22:53:09,2026-06-22T22:53:09+09:00,UTC+09:00,message4776,telegram_api,True,0,0,,,telegram_api,4776,"🔔장초반, 미국 재무부가
이란 원유 제재 풀어주면서
유가 쭉쭉 내려갑니다

매우 좋은 신호입니다"
2026-06-22,22:53:24,2026-06-22T22:53:24+09:00,UTC+09:00,message4777,telegram_api,False,1,0,,,telegram_api,4777,
2026-06-22,22:53:35,2026-06-22T22:53:35+09:00,UTC+09:00,message4778,telegram_api,False,1,0,,,telegram_api,4778,
2026-06-22,22:53:50,2026-06-22T22:53:50+09:00,UTC+09:00,message4779,telegram_api,True,0,0,,,telegram_api,4779,"↗️메모리 마이크론,
앤트로픽과 협업 계약 발표하면서
신고가 뚫습니다

메모리 전성시대입니다"
2026-06-22,22:57:31,2026-06-22T22:57:31+09:00,UTC+09:00,message4780,telegram_api,False,1,0,,,telegram_api,4780,
2026-06-22,22:57:37,2026-06-22T22:57:37+09:00,UTC+09:00,message4781,telegram_api,True,0,0,,,telegram_api,4781,↗️데이터센터 모음집 WGMI 신고가
2026-06-22,23:01:15,2026-06-22T23:01:15+09:00,UTC+09:00,message4782,telegram_api,False,1,0,,,telegram_api,4782,
2026-06-22,23:01:56,2026-06-22T23:01:56+09:00,UTC+09:00,message4783,telegram_api,True,0,0,,,telegram_api,4783,"🔔구글,아마존은 특별한 악재로
보이는 이슈는 없는데 하락세입니다
(스페이스X도 하락세)

빅테크 투자 확대 우려로
주가 흐름 부진 지속됩니다"
2026-06-22,23:02:42,2026-06-22T23:02:42+09:00,UTC+09:00,message4784,telegram_api,True,0,0,,,telegram_api,4784,"🔥 주요 신고가 현황, 6/22 (장초반)
*52주 신고가 포함

⚙️ 반도체·장비
TSM (파운드리 1위)
INTC (CPU·파운드리)
AMD (CPU·GPU)
ASML (EUV 노광장비)
AMAT (증착·이온주입)
LRCX (식각장비)
KLAC (검사·계측장비)
TER (반도체 테스트장비)

💾 스토리지·메모리
MU (DRAM·HBM)
SNDK (낸드·SSD)

☁️ 네오클라우드·AI인프라
NBIS (Nebius·AI 인프라)
WULF (TeraWulf·HPC 호스팅)
CIFR (Cipher·HPC 전환)

⚡️ 유틸리티·전력·데이터센터
BE (연료전지)
GNRC (백업·발전기)
CAT (건설장비·전력)"
2026-06-22,23:02:57,2026-06-22T23:02:57+09:00,UTC+09:00,message4785,telegram_api,True,0,0,,,telegram_api,4785,"반도체/장비/메모리/데이터센터/전력
주요 대장주 신고가 경신합니다"
2026-06-22,23:08:38,2026-06-22T23:08:38+09:00,UTC+09:00,message4786,telegram_api,False,1,0,,,telegram_api,4786,
2026-06-22,23:08:59,2026-06-22T23:08:59+09:00,UTC+09:00,message4787,telegram_api,True,0,0,,,telegram_api,4787,"🚀스페이스X는
채권 발행 200억달러 확정 발표하면서
주가 약세입니다

지난주에 이미 나온 재료인데도
하락 재료로 쓰이는 중입니다"
2026-06-22,23:09:22,2026-06-22T23:09:22+09:00,UTC+09:00,message4788,telegram_api,False,1,0,,,telegram_api,4788,
2026-06-22,23:11:40,2026-06-22T23:11:40+09:00,UTC+09:00,message4789,telegram_api,False,1,0,,,telegram_api,4789,
2026-06-22,23:12:21,2026-06-22T23:12:21+09:00,UTC+09:00,message4790,telegram_api,True,0,0,,,telegram_api,4790,"🔔마이크론, 이제
단순 메모리 주문이 아니라
설계부터 같이하는 '맞춤형 반도체'
형식으로 전환

SK하이닉스, 마이크론
모두 같은 구조로
재평가 중

과거 : 단순 메모리 납품
현재 : 공동 설계 핵심 회사"
2026-06-23,08:29:21,2026-06-23T08:29:21+09:00,UTC+09:00,message4793,telegram_api,False,1,0,,,telegram_api,4793,
2026-06-23,08:29:21,2026-06-23T08:29:21+09:00,UTC+09:00,message4792,telegram_api,False,1,0,,,telegram_api,4792,
2026-06-23,08:29:21,2026-06-23T08:29:21+09:00,UTC+09:00,message4791,telegram_api,False,1,0,,,telegram_api,4791,
2026-06-23,08:29:22,2026-06-23T08:29:22+09:00,UTC+09:00,message4794,telegram_api,False,1,0,,,telegram_api,4794,
2026-06-23,08:29:32,2026-06-23T08:29:32+09:00,UTC+09:00,message4795,telegram_api,True,0,0,,,telegram_api,4795,"🔔미 증시, 빅테크 약세 vs AI인프라 상승 마감"
2026-06-23,08:30:05,2026-06-23T08:30:05+09:00,UTC+09:00,message4796,telegram_api,True,0,0,,,telegram_api,4796,"*마이크론의 앤트로픽 협업 소식에
다시 한번 AI인프라주는 힘을 받은 반면,

빅테크는 전반적으로
투자 확대 우려에 약세 보였습니다"
2026-06-23,08:30:30,2026-06-23T08:30:30+09:00,UTC+09:00,message4797,telegram_api,True,0,0,,,telegram_api,4797,"*특히 구글은
AI핵심 인재(노벨상 수상자)
노암 샤지어마저 앤트로픽으로
이직한다는 소식이 더욱 부각되며
악재로 작용했습니다"
2026-06-23,08:34:37,2026-06-23T08:34:37+09:00,UTC+09:00,message4798,telegram_api,False,1,0,,,telegram_api,4798,
2026-06-23,08:35:04,2026-06-23T08:35:04+09:00,UTC+09:00,message4799,telegram_api,True,0,0,,,telegram_api,4799,"↘️빅테크 전반 부진,
특히 스페이스X는
채권 발행 확대 우려로 -16.4%
급락하는 등 약세보였습니다"
2026-06-23,08:35:16,2026-06-23T08:35:16+09:00,UTC+09:00,message4800,telegram_api,True,1,0,,,telegram_api,4800,https://www.sedaily.com/article/20058814
2026-06-23,08:36:49,2026-06-23T08:36:49+09:00,UTC+09:00,message4801,telegram_api,True,1,0,,,telegram_api,4801,https://www.news1.kr/world/international-economy/6205046
2026-06-23,08:37:49,2026-06-23T08:37:49+09:00,UTC+09:00,message4802,telegram_api,True,0,0,,,telegram_api,4802,"🔔구글은 핵심인재 2명이 일주일만에
연달아 앤트로픽으로 옮기면서
특히 우려가 커지고 있습니다"
2026-06-23,08:41:46,2026-06-23T08:41:46+09:00,UTC+09:00,message4803,telegram_api,False,1,0,,,telegram_api,4803,
2026-06-23,08:42:17,2026-06-23T08:42:17+09:00,UTC+09:00,message4804,telegram_api,True,0,0,,,telegram_api,4804,"<🔔주요 ETF Daily>

메모리/반도체/전력 강세,
반대로
스페이스X발 우주 관련주 약세,
빅7과 SW는 소외주로 부각되며
약세보였습니다"
2026-06-23,08:43:42,2026-06-23T08:43:42+09:00,UTC+09:00,message4806,telegram_api,False,1,0,,,telegram_api,4806,
2026-06-23,08:43:42,2026-06-23T08:43:42+09:00,UTC+09:00,message4805,telegram_api,False,1,0,,,telegram_api,4805,
2026-06-23,08:46:07,2026-06-23T08:46:07+09:00,UTC+09:00,message4808,telegram_api,False,1,0,,,telegram_api,4808,
2026-06-23,08:46:07,2026-06-23T08:46:07+09:00,UTC+09:00,message4807,telegram_api,False,1,0,,,telegram_api,4807,
2026-06-23,08:49:42,2026-06-23T08:49:42+09:00,UTC+09:00,message4809,telegram_api,True,0,0,,,telegram_api,4809,"🔥 주요 신고가 현황, 6/22
*52주 신고가 포함

📡 광통신
GLW (광섬유)

⚙️ 반도체·장비
TSM (파운드리 1위)
INTC (CPU·파운드리)
AMD (CPU·GPU)
ASML (EUV 노광장비)
AMAT (증착·이온주입)
LRCX (식각장비)
KLAC (검사·계측장비)
TER (반도체 테스트장비)
ADI (아날로그)
TXN (아날로그)

💾 스토리지·메모리
MU (DRAM·HBM)
SNDK (낸드·SSD)

☁️ 네오클라우드·AI인프라
NBIS
WULF
CIFR

⚡️ 유틸리티·전력·데이터센터
ETN (전력관리·전기설비)
BE (연료전지)
GNRC (백업·발전기)

🏗 산업재·인프라
CAT (건설장비·전력)
ROK (산업자동화)

✈️ 항공·운송
AAL (아메리칸항공)"
2026-06-23,08:49:57,2026-06-23T08:49:57+09:00,UTC+09:00,message4810,telegram_api,True,0,0,,,telegram_api,4810,"반도체/장비/광통신/메모리/
데이터센터/전력주 돌아가며
신고가 경신 이어갑니다"
2026-06-23,08:50:18,2026-06-23T08:50:18+09:00,UTC+09:00,message4811,telegram_api,True,0,0,,,telegram_api,4811,"주도주는 더 오르고
소외주는 더 빠지는

양극화 계속 심화될 것으로
보입니다"
2026-06-23,08:51:25,2026-06-23T08:51:25+09:00,UTC+09:00,message4812,telegram_api,False,1,0,,,telegram_api,4812,
2026-06-23,08:51:45,2026-06-23T08:51:45+09:00,UTC+09:00,message4813,telegram_api,True,0,0,,,telegram_api,4813,"🔔시간외)
트럼프 대통령이 양자컴 신속추진
행정명령에 서명하자
시간외로 양자컴 관련주 일제히 강세입니다"
2026-06-23,08:59:16,2026-06-23T08:59:16+09:00,UTC+09:00,message4814,telegram_api,False,1,0,,,telegram_api,4814,
2026-06-23,08:59:21,2026-06-23T08:59:21+09:00,UTC+09:00,message4815,telegram_api,False,1,0,,,telegram_api,4815,
2026-06-23,09:00:13,2026-06-23T09:00:13+09:00,UTC+09:00,message4816,telegram_api,True,0,0,,,telegram_api,4816,"👑주요 빅테크는
빚투 전쟁 본격 진입 우려로
사실상 조정~하락장에 준하는
하락률을 보이고 있습니다

아쉽지만 당분간
주가 부진 지속 염두에
둬야할 것 같습니다"
2026-06-23,12:06:19,2026-06-23T12:06:19+09:00,UTC+09:00,message4817,telegram_api,False,1,0,,,telegram_api,4817,
2026-06-23,12:07:22,2026-06-23T12:07:22+09:00,UTC+09:00,message4818,telegram_api,True,0,0,,,telegram_api,4818,"<🤖구글, AI 핵심인재 연달아 유출>

구글의 AI 핵심 모델인
제미나이(GEMINI)의 공동 개발자는
오픈AI로,

구글의 딥마인드 부사장이자
AI 코딩 핵심 인재는
앤트로픽으로

연달아 이직을 발표하면서

구글의 AI 경쟁력 우려가 커지고 있습니다"
2026-06-23,12:08:06,2026-06-23T12:08:06+09:00,UTC+09:00,message4819,telegram_api,True,0,0,,,telegram_api,4819,"최근에 메타 AI핵심인재도 퇴사하고
빅테크 분위기가 좀 흉흉하긴 합니다"
2026-06-23,12:08:28,2026-06-23T12:08:28+09:00,UTC+09:00,message4820,telegram_api,False,1,0,,,telegram_api,4820,
2026-06-23,17:06:23,2026-06-23T17:06:23+09:00,UTC+09:00,message4821,telegram_api,False,1,0,,,telegram_api,4821,
2026-06-23,17:07:25,2026-06-23T17:07:25+09:00,UTC+09:00,message4822,telegram_api,True,0,0,,,telegram_api,4822,"🔔프리마켓입니다

오늘 아시아 장도 그렇고
전반적으로 증시 차익실현이
강하게 나오는 모습입니다

개별주 악재라기보다는
6월 말 리밸런싱 등
수급적 이유로
차익실현 매물 쏟아지는 모습입니다"
2026-06-23,17:08:15,2026-06-23T17:08:15+09:00,UTC+09:00,message4823,telegram_api,True,0,0,,,telegram_api,4823,"*AI인프라주 피크아웃으로
보지는 않으나,

워낙 최근에 쉬지 않고 달려서
좀 쉴 수 있다는 점은
염두에 둬야겠습니다"
2026-06-23,17:08:47,2026-06-23T17:08:47+09:00,UTC+09:00,message4824,telegram_api,True,0,0,,,telegram_api,4824,"수요일 장 마감 후
마이크론 실적이
또다시 변동성을 키울 것 같습니다

잘 나와주면 또 급반등,
실망하면 추가 급락 재료로
쓰일테니 또 당분간
롤러코스터 장세가 되겠습니다"
2026-06-23,17:11:35,2026-06-23T17:11:35+09:00,UTC+09:00,message4825,telegram_api,False,1,0,,,telegram_api,4825,
2026-06-23,17:12:15,2026-06-23T17:12:15+09:00,UTC+09:00,message4826,telegram_api,True,0,0,,,telegram_api,4826,"🎙JP모건
""역대급 대규모 기관 분기 리밸런싱이
예정되어 있다""

많이 오른 주식 위주로
팔아서 리밸런싱하므로
매도세가 강하게
나올 수 있다는 의견입니다"
2026-06-23,22:01:58,2026-06-23T22:01:58+09:00,UTC+09:00,message4827,telegram_api,False,1,0,,,telegram_api,4827,
2026-06-23,22:02:10,2026-06-23T22:02:10+09:00,UTC+09:00,message4828,telegram_api,False,1,0,,,telegram_api,4828,
2026-06-23,22:02:45,2026-06-23T22:02:45+09:00,UTC+09:00,message4829,telegram_api,True,0,0,,,telegram_api,4829,"🔔프리) 큰 이슈는 없는 가운데
계속해서 AI인프라주 낙폭 확대되고 있습니다

외신에서도 한국 증시 및
삼전닉스를 메인으로 보도할 정도로
워낙 관심이 뜨겁습니다"
2026-06-23,22:03:07,2026-06-23T22:03:07+09:00,UTC+09:00,message4830,telegram_api,True,0,0,,,telegram_api,4830,"*찐하락장에서는
다른 주식들까지 패닉셀이 나오는데
그런 모습은 전혀 아니고,

단기 과열에 따른
차익실현 확률이 높아보입니다"
2026-06-23,22:03:31,2026-06-23T22:03:31+09:00,UTC+09:00,message4831,telegram_api,True,0,0,,,telegram_api,4831,"(오를때도 급등이지만
내릴때도 정말 무섭게 폭락하는 등
초고변동입니다)"
2026-06-23,22:03:54,2026-06-23T22:03:54+09:00,UTC+09:00,message4832,telegram_api,False,1,0,,,telegram_api,4832,
2026-06-23,22:04:05,2026-06-23T22:04:05+09:00,UTC+09:00,message4833,telegram_api,False,1,0,,,telegram_api,4833,
2026-06-23,22:04:28,2026-06-23T22:04:28+09:00,UTC+09:00,message4834,telegram_api,True,0,0,,,telegram_api,4834,"강세장 후반부 특징입니다
= 상승각도도 가파르지만
하락각도도 가파르고
정신이 없다

= 난이도는 훨씬 더 높아집니다
(개인들이 버티기 힘든 장)"
2026-06-23,22:06:38,2026-06-23T22:06:38+09:00,UTC+09:00,message4835,telegram_api,False,1,0,,,telegram_api,4835,
2026-06-23,22:06:50,2026-06-23T22:06:50+09:00,UTC+09:00,message4836,telegram_api,True,0,0,,,telegram_api,4836,"🚀스페이스X는 IPO시초가인
150불로 돌아왔습니다"
2026-06-23,22:07:38,2026-06-23T22:07:38+09:00,UTC+09:00,message4837,telegram_api,False,1,0,,,telegram_api,4837,
2026-06-23,22:07:53,2026-06-23T22:07:53+09:00,UTC+09:00,message4838,telegram_api,True,0,0,,,telegram_api,4838,"현재도 생각 변화는 없습니다
신규 상장주는 잘 건들지
않는 편입니다
(개인적 취향입니다)"
2026-06-23,22:43:05,2026-06-23T22:43:05+09:00,UTC+09:00,message4839,telegram_api,False,1,0,,,telegram_api,4839,
2026-06-23,22:43:48,2026-06-23T22:43:48+09:00,UTC+09:00,message4840,telegram_api,True,0,0,,,telegram_api,4840,"🔔장초반입니다

주도주인 마이크론, 샌디스크 등
두자리수 하락으로 출발합니다

메모리/CPU/장비/광통신/전력 등
주도주 위주로 특히 큰폭 하락 출발입니다"
2026-06-23,23:03:24,2026-06-23T23:03:24+09:00,UTC+09:00,message4841,telegram_api,False,1,0,,,telegram_api,4841,
2026-06-23,23:03:52,2026-06-23T23:03:52+09:00,UTC+09:00,message4842,telegram_api,True,0,0,,,telegram_api,4842,"↗️장이 좀 안좋은 가운데도
트럼프 행정부의 양자컴 행정명령으로
양자컴 관련주는 상대적 강세입니다"
2026-06-23,23:04:13,2026-06-23T23:04:13+09:00,UTC+09:00,message4843,telegram_api,False,1,0,,,telegram_api,4843,
2026-06-23,23:04:51,2026-06-23T23:04:51+09:00,UTC+09:00,message4844,telegram_api,True,0,0,,,telegram_api,4844,"↗️장이 안좋은데도
데이터센터 관련주 모음집은 +전환합니다
투자심리가 강한 편입니다

AI인프라주 역시
고점 신호로는 보고 있지 않습니다"
2026-06-23,23:06:43,2026-06-23T23:06:43+09:00,UTC+09:00,message4845,telegram_api,False,1,0,,,telegram_api,4845,
2026-06-23,23:07:06,2026-06-23T23:07:06+09:00,UTC+09:00,message4846,telegram_api,True,0,0,,,telegram_api,4846,"🚀스페이스X는 오늘 상장가
도달하자 매수세 유입됩니다"
2026-06-23,23:09:09,2026-06-23T23:09:09+09:00,UTC+09:00,message4847,telegram_api,False,1,0,,,telegram_api,4847,
2026-06-23,23:09:34,2026-06-23T23:09:34+09:00,UTC+09:00,message4848,telegram_api,True,0,0,,,telegram_api,4848,"✈️사우스웨스트 항공 등
항공주도 반등 이어갑니다
(유가 하락 지속)

하락장 X -> 순환매 O"
2026-06-23,23:11:46,2026-06-23T23:11:46+09:00,UTC+09:00,message4849,telegram_api,False,1,0,,,telegram_api,4849,
2026-06-23,23:11:55,2026-06-23T23:11:55+09:00,UTC+09:00,message4850,telegram_api,True,0,0,,,telegram_api,4850,"🎙트럼프 ""IBM주식을 너무 일찍 판게 후회된다"""
2026-06-23,23:12:12,2026-06-23T23:12:12+09:00,UTC+09:00,message4851,telegram_api,True,0,0,,,telegram_api,4851,"오늘 양자컴 서명식에 IBM CEO도
초청했는데요,

이 내용은 다시 정리해서
공유드리겠습니다"
2026-06-23,23:12:27,2026-06-23T23:12:27+09:00,UTC+09:00,message4852,telegram_api,True,0,0,,,telegram_api,4852,"*장이 좋았으면 IBM 등
훨씬 더 강했을 것 같네요"
2026-06-23,23:15:35,2026-06-23T23:15:35+09:00,UTC+09:00,message4853,telegram_api,False,1,0,,,telegram_api,4853,
2026-06-23,23:16:40,2026-06-23T23:16:40+09:00,UTC+09:00,message4854,telegram_api,True,0,0,,,telegram_api,4854,"🔔인텔은 다른 주도주 대비
잘 버티는데요,
오늘도 BofA가 CPU 수혜주로
목표주가를 대폭 상향했습니다

트럼프가 밀어주는
전략자산 핵심 주식으로
평가받고 있어서
저가매수세 유입도
계속될 것으로 보입니다"
2026-06-24,07:05:48,2026-06-24T07:05:48+09:00,UTC+09:00,message4857,telegram_api,False,1,0,,,telegram_api,4857,
2026-06-24,07:05:48,2026-06-24T07:05:48+09:00,UTC+09:00,message4856,telegram_api,False,1,0,,,telegram_api,4856,
2026-06-24,07:05:48,2026-06-24T07:05:48+09:00,UTC+09:00,message4855,telegram_api,False,1,0,,,telegram_api,4855,
2026-06-24,07:05:49,2026-06-24T07:05:49+09:00,UTC+09:00,message4858,telegram_api,False,1,0,,,telegram_api,4858,
2026-06-24,07:06:06,2026-06-24T07:06:06+09:00,UTC+09:00,message4859,telegram_api,True,0,0,,,telegram_api,4859,"↘️증시, AI인프라주 위주 하락 마감
(개별 이슈보다는 차익실현/순환매)"
2026-06-24,07:06:35,2026-06-24T07:06:35+09:00,UTC+09:00,message4860,telegram_api,False,1,0,,,telegram_api,4860,
2026-06-24,07:07:32,2026-06-24T07:07:32+09:00,UTC+09:00,message4861,telegram_api,True,0,0,,,telegram_api,4861,"*참고)꼭 그런 것은 아니지만
7-8월 여름 휴가 시즌이라
실제로 거래량이 매우 줄어드는 편입니다
(노잼 구간 가능성도 염두)"
2026-06-24,07:08:23,2026-06-24T07:08:23+09:00,UTC+09:00,message4862,telegram_api,False,1,0,,,telegram_api,4862,
2026-06-24,07:08:31,2026-06-24T07:08:31+09:00,UTC+09:00,message4863,telegram_api,True,0,0,,,telegram_api,4863,"🔔구글, 다우지수 편입 발표"
2026-06-24,07:09:10,2026-06-24T07:09:10+09:00,UTC+09:00,message4864,telegram_api,True,0,0,,,telegram_api,4864,"*알파벳이 버라이즌 대신
다우지수에 편입됩니다

이제 다우지수에
빅테크는 엔비디아,
애플, 아마존, 마소 다음으로
구글까지 들어가네요"
2026-06-24,07:09:37,2026-06-24T07:09:37+09:00,UTC+09:00,message4865,telegram_api,True,0,0,,,telegram_api,4865,"*다우지수 편입은
크게 호재라고 보기는 어렵습니다
(영향력 미미)"
2026-06-24,07:11:55,2026-06-24T07:11:55+09:00,UTC+09:00,message4866,telegram_api,False,1,0,,,telegram_api,4866,
2026-06-24,07:12:29,2026-06-24T07:12:29+09:00,UTC+09:00,message4867,telegram_api,True,0,0,,,telegram_api,4867,"🚀스페이스X, 채권 발행 대흥행
(200억 달러 모집에 약 900억 달러 모였습니다)

초흥행에 발행액 $250억으로
상향했습니다"
2026-06-24,07:13:43,2026-06-24T07:13:43+09:00,UTC+09:00,message4868,telegram_api,False,1,0,,,telegram_api,4868,
2026-06-24,07:14:14,2026-06-24T07:14:14+09:00,UTC+09:00,message4869,telegram_api,True,0,0,,,telegram_api,4869,"🔔오늘 장 마감 후 마이크론 실적이
초미의 관심사가 되겠습니다

현재 위아래로
약 20% 정도 옵션이 베팅되어 있습니다
엄청난 변동성 나오겠습니다"
2026-06-24,07:15:37,2026-06-24T07:15:37+09:00,UTC+09:00,message4870,telegram_api,False,1,0,,,telegram_api,4870,
2026-06-24,07:18:50,2026-06-24T07:18:50+09:00,UTC+09:00,message4871,telegram_api,False,1,0,,,telegram_api,4871,
2026-06-24,07:19:36,2026-06-24T07:19:36+09:00,UTC+09:00,message4872,telegram_api,True,0,0,,,telegram_api,4872,"<🔔주요 ETF DAILY>

오늘은 주도주 위주로
빠진 하루였습니다

메모리/한국/반도체/전력 등"
2026-06-24,07:20:21,2026-06-24T07:20:21+09:00,UTC+09:00,message4873,telegram_api,True,0,0,,,telegram_api,4873,"*오늘 마이크론 실적에
따라 주도주 단기 방향성 결정될 수 있겠습니다
(다만 단기와 무관하게
큰 방향성은 문제없다고 생각하고 있습니다)"
2026-06-24,19:28:32,2026-06-24T19:28:32+09:00,UTC+09:00,message4874,telegram_api,False,1,0,,,telegram_api,4874,
2026-06-24,19:28:42,2026-06-24T19:28:42+09:00,UTC+09:00,message4875,telegram_api,True,0,0,,,telegram_api,4875,🔔프리) 마이크론 실적발표 앞두고 대기모드
2026-06-24,19:29:00,2026-06-24T19:29:00+09:00,UTC+09:00,message4876,telegram_api,True,0,0,,,telegram_api,4876,"일단 어젠 빠졌지만 또 오늘은
반등을 시도하는 일희일비 고변동
장 이어지고 있습니다"
2026-06-24,19:29:17,2026-06-24T19:29:17+09:00,UTC+09:00,message4877,telegram_api,True,0,0,,,telegram_api,4877,"*SK하이닉스가
7/10 미국 ADR상장
확정되며 또 기대감 커지겠습니다"
2026-06-24,19:31:13,2026-06-24T19:31:13+09:00,UTC+09:00,message4878,telegram_api,False,1,0,,,telegram_api,4878,
2026-06-24,19:31:50,2026-06-24T19:31:50+09:00,UTC+09:00,message4879,telegram_api,True,0,0,,,telegram_api,4879,"↗️주도주
메모리 : 마이크론/샌디스크
CPU : 인텔/AMD/AMR+퀄컴
맞춤형 : MRVL
장비 : ASML/LRCX/AMAT 등

빠질때도 많이 빠지지만
오를땐 더 강하게 오르는
특징이 있겠습니다"
2026-06-24,19:33:03,2026-06-24T19:33:03+09:00,UTC+09:00,message4880,telegram_api,False,1,0,,,telegram_api,4880,
2026-06-24,19:33:29,2026-06-24T19:33:29+09:00,UTC+09:00,message4881,telegram_api,True,0,0,,,telegram_api,4881,"🔔오늘 퀄컴 투자자의날에서
AI에이전트/데이터센터용CPU/새로운 HW등
발표될 가능성이 있습니다

장 분위기만 좋다면
퀄컴도 꽤 오를 수 있겠습니다
(단타 추천 X , 참고용)"
2026-06-24,19:50:02,2026-06-24T19:50:02+09:00,UTC+09:00,message4882,telegram_api,False,1,0,,,telegram_api,4882,
2026-06-24,19:51:03,2026-06-24T19:51:03+09:00,UTC+09:00,message4883,telegram_api,True,0,0,,,telegram_api,4883,💰SK하이닉스도 2.5% 주식발행
2026-06-24,19:51:09,2026-06-24T19:51:09+09:00,UTC+09:00,message4884,telegram_api,True,0,0,,,telegram_api,4884,->사실상 AI인프라 유동성 공급입니다
2026-06-24,19:51:41,2026-06-24T19:51:41+09:00,UTC+09:00,message4885,telegram_api,True,0,0,,,telegram_api,4885,"예) 새로 발행해서 조달한 돈으로
첨단 메모리 장비 구매

= 반도체 장비주에 호재"
2026-06-24,19:52:12,2026-06-24T19:52:12+09:00,UTC+09:00,message4886,telegram_api,True,0,0,,,telegram_api,4886,"*하이닉스 뿐 아니라
일본의 키옥시아(메모리 대장)도
미국 ADR 상장 준비 중입니다

대규모 공급이 이어집니다"
2026-06-24,19:58:04,2026-06-24T19:58:04+09:00,UTC+09:00,message4887,telegram_api,True,0,0,,,telegram_api,4887,"<⚠️피날레가 다가오는 중>

분위기를 망치고자
함은 아닙니다만

리스크 관리 차원에서
'미리' 말씀드립니다

사상 초유의 역대급
신규상장 러시가
이어지고 있고,
(스페이스X, 앤트로픽, 오픈AI
+ 주요 메모리주 ADR상장 등)

보통 이는
증시의 정점(피날레)에
거의 다 왔다는 신호로도
해석이 가능합니다

시점상
올 3-4분기 사이가
유력할텐데요

IPO로 돈복사한다는
소리 마구 나오고
미국 상장 ADR 버블이
불면

그때부터는
현금을 계속
늘리는게 맞지 않나
싶습니다

(일단 기본 시나리오는
이렇게 짜두고 있습니다)"
2026-06-24,19:58:42,2026-06-24T19:58:42+09:00,UTC+09:00,message4888,telegram_api,True,0,0,,,telegram_api,4888,"🐵요약 : 파티 규모가
커지고 있다,

그럴수록
슬슬 파티가
끝날 수 있다는
마음의 준비도 하는게 좋다"
2026-06-24,20:12:27,2026-06-24T20:12:27+09:00,UTC+09:00,message4889,telegram_api,False,1,0,,,telegram_api,4889,
2026-06-24,20:12:40,2026-06-24T20:12:40+09:00,UTC+09:00,message4890,telegram_api,True,0,0,,,telegram_api,4890,"🛢유가 쭉쭉 내려갑니다
잘하면 70불대도 깰 것 같습니다

매우 좋은 신호입니다"
2026-06-24,21:01:35,2026-06-24T21:01:35+09:00,UTC+09:00,message4891,telegram_api,True,0,0,,,telegram_api,4891,"😂지금 외신과 외국인 투자자들
전부 하이닉스 상장 얘기밖에 안하네요

마이크론과 함께
메모리 관심이 폭주 중입니다
(다른 뉴스는 전부 묻히는 중)"
2026-06-24,21:04:58,2026-06-24T21:04:58+09:00,UTC+09:00,message4892,telegram_api,False,1,0,,,telegram_api,4892,
2026-06-24,21:05:27,2026-06-24T21:05:27+09:00,UTC+09:00,message4893,telegram_api,True,0,0,,,telegram_api,4893,"🎙블룸버그
""대만 젊은이들이 돈복사 외치는 중""

""26세 젊은 대만 투자자,
아무 주식이나 사면 돈 복사 된다"""
2026-06-24,21:05:51,2026-06-24T21:05:51+09:00,UTC+09:00,message4894,telegram_api,True,0,0,,,telegram_api,4894,"블룸버그는
AI 광기 구간 진입했다며
해당 사례를 소개했습니다"
2026-06-24,22:35:05,2026-06-24T22:35:05+09:00,UTC+09:00,message4895,telegram_api,False,1,0,,,telegram_api,4895,
2026-06-24,22:35:17,2026-06-24T22:35:17+09:00,UTC+09:00,message4896,telegram_api,True,0,0,,,telegram_api,4896,"🔔장초반 증시 전반 상승 출발,
오늘은 유가하락으로 여행주가 특히 강합니다"
2026-06-24,22:35:42,2026-06-24T22:35:42+09:00,UTC+09:00,message4897,telegram_api,False,1,0,,,telegram_api,4897,
2026-06-24,22:35:50,2026-06-24T22:35:50+09:00,UTC+09:00,message4898,telegram_api,True,0,0,,,telegram_api,4898,"익스피디아, 부킹홀딩스,
항공주 등 전반 강세 출발합니다"
2026-06-25,07:45:53,2026-06-25T07:45:53+09:00,UTC+09:00,message4899,telegram_api,False,1,0,,,telegram_api,4899,
2026-06-25,07:45:59,2026-06-25T07:45:59+09:00,UTC+09:00,message4900,telegram_api,True,0,0,,,telegram_api,4900,↗️장마감후) 마이크론 실적 슈퍼 서프라이즈
2026-06-25,07:46:07,2026-06-25T07:46:07+09:00,UTC+09:00,message4901,telegram_api,True,0,0,,,telegram_api,4901,*마이크론이 (전세계)증시를 구합니다
2026-06-25,07:46:32,2026-06-25T07:46:32+09:00,UTC+09:00,message4902,telegram_api,True,1,0,,,telegram_api,4902,시간외)
2026-06-25,07:46:41,2026-06-25T07:46:41+09:00,UTC+09:00,message4903,telegram_api,True,1,0,,,telegram_api,4903,시간외)
2026-06-25,07:47:18,2026-06-25T07:47:18+09:00,UTC+09:00,message4904,telegram_api,True,0,0,,,telegram_api,4904,"시간외)
마이크론 +14%
샌디스크+10.8% 등
메모리 초강세

AMD,인텔,퀄컴,마벨 및
장비주 등
AI인프라주 다시 반등합니다"
2026-06-25,07:48:13,2026-06-25T07:48:13+09:00,UTC+09:00,message4905,telegram_api,False,1,0,,,telegram_api,4905,
2026-06-25,07:48:29,2026-06-25T07:48:29+09:00,UTC+09:00,message4906,telegram_api,False,1,0,,,telegram_api,4906,
2026-06-25,07:49:04,2026-06-25T07:49:04+09:00,UTC+09:00,message4907,telegram_api,True,0,0,,,telegram_api,4907,"*실적/가이던스 슈퍼 서프라이즈입니다
더 자세한건 자료 만들어
다시 공유드리겠습니다"
2026-06-25,07:51:31,2026-06-25T07:51:31+09:00,UTC+09:00,message4908,telegram_api,True,0,0,,,telegram_api,4908,"🎙마이크론 CEO
메모리 공급부족 2027 넘어 계속될 것으로 예상,
언제 공급이 수요를 따라잡을 수 있을지
가시성이 보이지 않을 정도"""
2026-06-25,07:52:22,2026-06-25T07:52:22+09:00,UTC+09:00,message4909,telegram_api,True,0,0,,,telegram_api,4909,"🔔그외)
전 하원의장이자
주식의 여왕이라 불리는
낸시 펠로시가 인텔을 대규모 매입하여
인텔 주가도 들썩이고 있습니다

$INTC"
2026-06-25,07:52:49,2026-06-25T07:52:49+09:00,UTC+09:00,message4910,telegram_api,False,1,0,,,telegram_api,4910,
2026-06-25,07:53:13,2026-06-25T07:53:13+09:00,UTC+09:00,message4911,telegram_api,True,0,0,,,telegram_api,4911,"🔔그외)
퀄컴, 투자자의 날
자신감 표현하며 낙관전망 보이자
시간외로 약 13% 상승 중입니다"
2026-06-25,07:56:36,2026-06-25T07:56:36+09:00,UTC+09:00,message4912,telegram_api,False,1,0,,,telegram_api,4912,
2026-06-25,07:57:01,2026-06-25T07:57:01+09:00,UTC+09:00,message4913,telegram_api,True,0,0,,,telegram_api,4913,"🔔퀄컴, 메타의 데이터센터 칩 공개,
CPU 공급부족 강조(AI에이전트 시대),
시간외로 급등세"
2026-06-25,08:02:49,2026-06-25T08:02:49+09:00,UTC+09:00,message4914,telegram_api,True,0,0,,,telegram_api,4914,"🎙마이크론 CEO
""역대 최대 마진 85%,
더 이상 마진 높아지진 않을 것""
(향후 마진보다 물량으로)

""약 16개의 다년 고정 계약 완료""
(사이클 → 구조적 우상향 전환)

""ASML 등 장비 투자 가속화,
고정 계약이 있기 때문에 정당""
(증설 등 설비/장비 투자 기대 확대)"
2026-06-25,08:05:12,2026-06-25T08:05:12+09:00,UTC+09:00,message4915,telegram_api,True,0,0,,,telegram_api,4915,"참고용)
🤖마이크론(MU) Q3 FY2026 (2026.06.24)

매출 $41.5B (+346% YoY)
EPS $25.11 (+998% YoY)
매출총이익률 85% (전분기 75%)
영업현금흐름 $25.4B (역대 최고)
━━━━━━━━
[사업 구성]
DRAM(HBM 포함) ~79% · 가격 +60%대 QoQ
NAND ~21% · 가격 +70%대 QoQ
데이터센터 매출 $25B+ (연환산 $100B+ 런레이트)
데이터센터 SSD $5B+ (전분기 2배)
━━━━━━━━
⭐️ CEO Sanjay Mehrotra 핵심 발언
""수요의 50~66%만 충족 가능"" (구조적 부족)
""타이트함 2027년 넘어서까지 지속""
""DRAM·NAND 수요가 공급 크게 초과""
━━━━━━━━
16개 전략적 고객 협약(SCA)
└ 7개 대형 (4 large + 3 medium)
└ 다년 고정/floor·ceiling 가격
└ 데이터센터 고객 다수, 물량·수요 가시성
└ ""사이클 사업 → AI 인프라 사업"" 재평가
🧠 HBM4 양산 ($10억+ 출하)
└ NVIDIA Vera Rubin 플랫폼용
└ HBM4E 2027 양산 예정
🤝 앤트로픽 전략적 협약 (6/22)
━━━━━━━━
📋 Q4 FY26 가이던스 $50B 🚀
└ 컨센 $38~42B 대폭 상회
└ 또 사상 최고 경신 예고 · GM 80%+ 유지
━━━━━━━━
⚠️ 마진 천장 근접 (""추가 인상해도 마진 X"")"
2026-06-25,08:37:57,2026-06-25T08:37:57+09:00,UTC+09:00,message4916,telegram_api,False,1,0,,,telegram_api,4916,
2026-06-25,10:09:44,2026-06-25T10:09:44+09:00,UTC+09:00,message4917,telegram_api,False,1,0,,,telegram_api,4917,
2026-06-25,10:09:58,2026-06-25T10:09:58+09:00,UTC+09:00,message4918,telegram_api,False,1,0,,,telegram_api,4918,
2026-06-25,10:12:29,2026-06-25T10:12:29+09:00,UTC+09:00,message4919,telegram_api,True,0,0,,,telegram_api,4919,"<📞마이크론 어닝콜 핵심 요약>

🟢선요약 : 메가 서프라이즈

1. 모든 부분에서 서프라이즈
(매출, 마진, 현금 등)
2. 가이던스도 서프라이즈

⭐️16개 고객과 최소 3~5년
장기계약 중, 전체 매출의 50% 이상
장기계약 목표

취소도 불가, 최소 가격 보장,
선급금 예치해야 하는 구조

⭐️최소 가격만 받더라도
마이크론 최고 마진 유지될 정도

⭐️향후 수십년짜리 메가 사이클 진입,
현재 데이터센터->이제 온디바이스
-> 자율주행 5배 메모리 증가
-> 로보틱스는 메모리 10배 더 필요

⭐️ 초과현금은 100% 주주환원으로
자사주매입할 것"
2026-06-25,10:12:57,2026-06-25T10:12:57+09:00,UTC+09:00,message4920,telegram_api,True,0,0,,,telegram_api,4920,"🐵실적과 전망, 주주친화적
정책까지 완벽합니다

2023~엔비디아 실적을
보는 것 같습니다"
2026-06-25,10:31:54,2026-06-25T10:31:54+09:00,UTC+09:00,message4921,telegram_api,True,1,0,,,telegram_api,4921,https://news.einfomax.co.kr/news/articleView.html?idxno=4421775
2026-06-25,10:32:04,2026-06-25T10:32:04+09:00,UTC+09:00,message4922,telegram_api,True,0,0,,,telegram_api,4922,"🔔마이크론, 테크 마진왕 등극"
2026-06-25,10:32:29,2026-06-25T10:32:29+09:00,UTC+09:00,message4923,telegram_api,True,0,0,,,telegram_api,4923,"*마진이 높기로 유명한 엔비디아가 75%,
이번에 마이크론은 85% 육박"
2026-06-25,10:33:01,2026-06-25T10:33:01+09:00,UTC+09:00,message4924,telegram_api,True,1,0,,,telegram_api,4924,https://www.aitimes.com/news/articleView.html?idxno=212075
2026-06-25,10:33:11,2026-06-25T10:33:11+09:00,UTC+09:00,message4925,telegram_api,True,0,0,,,telegram_api,4925,"🔔구글, 핵심인력 또 2명 이직"
2026-06-25,10:33:41,2026-06-25T10:33:41+09:00,UTC+09:00,message4926,telegram_api,True,0,0,,,telegram_api,4926,"*구글 제미나이 핵심 개발 인력 2명도
앤트로픽으로 이직한다고 합니다

구글 분위기가 좋지 않은 것 같습니다"
2026-06-25,10:35:00,2026-06-25T10:35:00+09:00,UTC+09:00,message4927,telegram_api,True,0,0,,,telegram_api,4927,"[😔다우의 저주도 염두]
*저도 구글을 보유하고 있어서
이런 소식 말씀드리기가 좀
마음이 불편합니다만

다우지수 편입하면
보통 '다우의 저주'라고 해서
주가 흐름이 좋지 않은 편이었습니다

꼭 그런 것은 아니나
여러모로 빅테크의
단기 부진은
일단 염두에 두는 것이 좋겠습니다🥲"
2026-06-25,10:38:57,2026-06-25T10:38:57+09:00,UTC+09:00,message4928,telegram_api,True,0,0,,,telegram_api,4928,"🙋Q. 그럼 구글을 매도하나요?
🐵A. 개인적으로 이런 고민이 될때는

기존에 사둔 장기투자 물량은
놔두고,

단기보유 물량 비중을 줄이거나,
아니면 추가매수를 천천히 하는 편입니다

장기적으로는 문제가 없는데
단기적으로 좀 부진할 수 있다는 의견입니다"
2026-06-25,10:42:55,2026-06-25T10:42:55+09:00,UTC+09:00,message4929,telegram_api,True,0,0,,,telegram_api,4929,"오타가 나서 수정합니다

캐시우드->낸시 펠로시"
2026-06-25,10:43:25,2026-06-25T10:43:25+09:00,UTC+09:00,message4930,telegram_api,False,1,0,,,telegram_api,4930,
2026-06-25,11:35:09,2026-06-25T11:35:09+09:00,UTC+09:00,message4931,telegram_api,False,1,0,,,telegram_api,4931,
2026-06-25,11:36:43,2026-06-25T11:36:43+09:00,UTC+09:00,message4932,telegram_api,True,0,0,,,telegram_api,4932,"🐵낸시 펠로시의 인텔 매수는
의미가 있어보입니다(영향력)

콜옵션 매수는
최소한 지금보다 가격이
떨어지지 않으면서
내년 3월 만기 전까지
가격이 더 오른다에
베팅을 한 것이라고
해석이 가능합니다
(약 1.5배 내외 레버리지 정도라고
보시면 됩니다)

*참고용"
2026-06-25,11:51:55,2026-06-25T11:51:55+09:00,UTC+09:00,message4933,telegram_api,False,1,0,,,telegram_api,4933,
2026-06-25,11:52:02,2026-06-25T11:52:02+09:00,UTC+09:00,message4934,telegram_api,True,0,0,,,telegram_api,4934,<🤖AI투자에서 메모리가 절반 차지>
2026-06-25,11:52:31,2026-06-25T11:52:31+09:00,UTC+09:00,message4935,telegram_api,True,0,0,,,telegram_api,4935,"🐵메모리 전성시대입니다

빅테크가 AI에 100을 투자하면
그중 절반인 48이
메모리에 투자된다는 얘기입니다
(불과 2-3년에 비해 천지개벽)

괜히 메모리 주가가
폭등하는게 아닌 것으로
보입니다 (주도주 쏠림)"
2026-06-25,12:04:10,2026-06-25T12:04:10+09:00,UTC+09:00,message4936,telegram_api,False,1,0,,,telegram_api,4936,
2026-06-25,12:04:41,2026-06-25T12:04:41+09:00,UTC+09:00,message4937,telegram_api,True,0,0,,,telegram_api,4937,"⬆️⬇️소비 초양극화 본격화

백화점 매출+24.5%
VS
마트 -5.1%로

소비도 양극화됩니다"
2026-06-25,12:05:22,2026-06-25T12:05:22+09:00,UTC+09:00,message4938,telegram_api,True,0,0,,,telegram_api,4938,"증시 초호황 1년후부터는
시차를 두고 내수가
살아난다는 점도
참고해두시면 좋습니다

(다만 양극화는 지속,
잘되는 맛집은 더 잘되고
안되는 곳은 더 안되고)"
2026-06-25,12:05:44,2026-06-25T12:05:44+09:00,UTC+09:00,message4939,telegram_api,True,0,0,,,telegram_api,4939,"내수가 살아난다
= 모두가 잘 산다 X
= 잘되는 곳이 더 잘된다 O"
2026-06-25,12:11:44,2026-06-25T12:11:44+09:00,UTC+09:00,message4940,telegram_api,False,1,0,,,telegram_api,4940,
2026-06-25,12:12:00,2026-06-25T12:12:00+09:00,UTC+09:00,message4941,telegram_api,True,0,0,,,telegram_api,4941,"🎙트럼프 ""기름 가격 내려가는데
정유사들이 휘발유 가격 안내린다
조사할 것이다 빨리 내려라""

-> 선거 다가온다 기름 내려"
2026-06-25,12:12:09,2026-06-25T12:12:09+09:00,UTC+09:00,message4942,telegram_api,False,1,0,,,telegram_api,4942,
2026-06-25,12:12:26,2026-06-25T12:12:26+09:00,UTC+09:00,message4943,telegram_api,True,0,0,,,telegram_api,4943,"🎙트럼프 ""제 실제 지지율(?)이
역대 최고치 기록했습니다""

->선거 다가온다 지지율 신경쓴다"
2026-06-25,15:04:11,2026-06-25T15:04:11+09:00,UTC+09:00,message4944,telegram_api,True,0,0,,,telegram_api,4944,"🤖중국 1위 메모리 기업
창신메모리(CXMT)도 7월 상장 예정,

메모리 줄상장 러시"
2026-06-25,15:04:58,2026-06-25T15:04:58+09:00,UTC+09:00,message4945,telegram_api,True,0,0,,,telegram_api,4945,"SK하이닉스 ADR(한국)부터
중국 메모리 1위,
키옥시아 ADR(일본) 등

줄줄이 상장/자금조달
러시 중

파티의 정점 다가오는 것도
염두에 둘 필요
(당장은 아닙니다)"
2026-06-25,15:07:00,2026-06-25T15:07:00+09:00,UTC+09:00,message4946,telegram_api,True,0,0,,,telegram_api,4946,"일본 메모리 1위
키옥시아, 주식분할 조만간 발표"
2026-06-25,15:07:02,2026-06-25T15:07:02+09:00,UTC+09:00,message4947,telegram_api,False,1,0,,,telegram_api,4947,
2026-06-25,15:07:50,2026-06-25T15:07:50+09:00,UTC+09:00,message4948,telegram_api,True,0,0,,,telegram_api,4948,"주식분할 러시 시작
= 이것도 피날레 신호 중 하나

*부정론자 아니고
미리 신호들 체크하는 겁니다 😅"
2026-06-25,15:09:20,2026-06-25T15:09:20+09:00,UTC+09:00,message4949,telegram_api,False,1,0,,,telegram_api,4949,
2026-06-25,15:09:37,2026-06-25T15:09:37+09:00,UTC+09:00,message4950,telegram_api,True,0,0,,,telegram_api,4950,"일본 메모리 키옥시아,
내년 봄 미국 ADR 상장 추진
(좀 밀렸나봅니다)"
2026-06-25,15:15:47,2026-06-25T15:15:47+09:00,UTC+09:00,message4951,telegram_api,False,1,0,,,telegram_api,4951,
2026-06-25,15:16:24,2026-06-25T15:16:24+09:00,UTC+09:00,message4952,telegram_api,True,0,0,,,telegram_api,4952,"💰참고)백화점 VIP 매출 비중 3년 연속 상승,

백화점 매출의 절반은
소수의 VIP가 만들어내는 중"
2026-06-25,15:16:39,2026-06-25T15:16:39+09:00,UTC+09:00,message4953,telegram_api,False,1,0,,,telegram_api,4953,
2026-06-25,15:17:15,2026-06-25T15:17:15+09:00,UTC+09:00,message4954,telegram_api,True,0,0,,,telegram_api,4954,"💰참고) 전국 5대 백화점
매출은 두자리수 증가세
(내수 활성화 X, 고소득 소비 양극화 O)"
2026-06-25,19:47:59,2026-06-25T19:47:59+09:00,UTC+09:00,message4955,telegram_api,False,1,0,,,telegram_api,4955,
2026-06-25,19:48:25,2026-06-25T19:48:25+09:00,UTC+09:00,message4956,telegram_api,True,0,0,,,telegram_api,4956,"↗️장초반입니다

마이크론 실적 서프라이즈 힘입어
AI인프라주 강하게 반등합니다"
2026-06-25,19:48:30,2026-06-25T19:48:30+09:00,UTC+09:00,message4957,telegram_api,False,1,0,,,telegram_api,4957,
2026-06-25,19:48:36,2026-06-25T19:48:36+09:00,UTC+09:00,message4958,telegram_api,False,1,0,,,telegram_api,4958,
2026-06-25,19:48:45,2026-06-25T19:48:45+09:00,UTC+09:00,message4959,telegram_api,True,0,0,,,telegram_api,4959,"↗️대장주답게 마이크론/샌디스크가
가장 강합니다 (주도주)"
2026-06-25,19:49:00,2026-06-25T19:49:00+09:00,UTC+09:00,message4960,telegram_api,False,1,0,,,telegram_api,4960,
2026-06-25,19:49:16,2026-06-25T19:49:16+09:00,UTC+09:00,message4961,telegram_api,True,0,0,,,telegram_api,4961,"CPU 강자 : 인텔/AMD/ARM+퀄컴까지
장비 : ASML, LRCX, AMAT 모두
강세입니다"
2026-06-25,19:53:23,2026-06-25T19:53:23+09:00,UTC+09:00,message4962,telegram_api,False,1,0,,,telegram_api,4962,
2026-06-25,19:53:29,2026-06-25T19:53:29+09:00,UTC+09:00,message4963,telegram_api,True,0,0,,,telegram_api,4963,"🛢유가 70불도 깨졌습니다
매우 좋은 신호입니다"
2026-06-25,19:54:45,2026-06-25T19:54:45+09:00,UTC+09:00,message4964,telegram_api,False,1,0,,,telegram_api,4964,
2026-06-25,19:55:07,2026-06-25T19:55:07+09:00,UTC+09:00,message4965,telegram_api,True,0,0,,,telegram_api,4965,"🔔오늘 물가 발표(PCE)가 있지만
이미 지나간 데이터고, 유가가 쭉쭉 내려가므로
저는 노이즈라고 생각합니다"
2026-06-25,19:59:42,2026-06-25T19:59:42+09:00,UTC+09:00,message4966,telegram_api,False,1,0,,,telegram_api,4966,
2026-06-25,20:00:12,2026-06-25T20:00:12+09:00,UTC+09:00,message4967,telegram_api,True,0,0,,,telegram_api,4967,"🔔프리) 주요 상승 ETF 현황

메모리 ETF DRAM이 독주하고,
한국/반도체/데이터센터 등이
강세입니다

내릴때도 크게 내리지만
오를땐 시장을 이끌고 올라가는
전형적 주도주 특징 보이고 있습니다"
2026-06-25,21:35:31,2026-06-25T21:35:31+09:00,UTC+09:00,message4968,telegram_api,False,1,0,,,telegram_api,4968,
2026-06-25,21:35:43,2026-06-25T21:35:43+09:00,UTC+09:00,message4969,telegram_api,True,0,0,,,telegram_api,4969,"🔔PCE 물가지표 예상수준,
시장에 크게 영향 없겠습니다"
2026-06-25,21:43:46,2026-06-25T21:43:46+09:00,UTC+09:00,message4970,telegram_api,False,1,0,,,telegram_api,4970,
2026-06-25,21:43:52,2026-06-25T21:43:52+09:00,UTC+09:00,message4971,telegram_api,False,1,0,,,telegram_api,4971,
2026-06-25,21:44:05,2026-06-25T21:44:05+09:00,UTC+09:00,message4972,telegram_api,True,0,0,,,telegram_api,4972,🍎속보)애플 가격인상 공식 발표
2026-06-25,21:44:27,2026-06-25T21:44:27+09:00,UTC+09:00,message4973,telegram_api,True,0,0,,,telegram_api,4973,"*메모리 가격상승으로 인한
제품가격 인상 발표 및
추가 인상 시사"
2026-06-25,22:37:00,2026-06-25T22:37:00+09:00,UTC+09:00,message4974,telegram_api,False,1,0,,,telegram_api,4974,
2026-06-25,22:37:28,2026-06-25T22:37:28+09:00,UTC+09:00,message4975,telegram_api,True,0,0,,,telegram_api,4975,"장초반인데요
메모리 싹슬이입니다
+퀄컴까지(투자자의날)"
2026-06-25,22:43:15,2026-06-25T22:43:15+09:00,UTC+09:00,message4976,telegram_api,False,1,0,,,telegram_api,4976,
2026-06-25,22:43:35,2026-06-25T22:43:35+09:00,UTC+09:00,message4977,telegram_api,True,0,0,,,telegram_api,4977,"🔔애플은 가격인상 발표후
약세, 빅테크도 동반 부진합니다"
2026-06-25,22:43:57,2026-06-25T22:43:57+09:00,UTC+09:00,message4978,telegram_api,True,0,0,,,telegram_api,4978,"*예전같았으면 빅테크가 이렇게 빠지면
증시가 폭락인데, 지금 AI인프라주 상승으로
보합 유지합니다"
2026-06-25,22:45:46,2026-06-25T22:45:46+09:00,UTC+09:00,message4979,telegram_api,True,0,0,,,telegram_api,4979,"🔥 주요 신고가 현황, 6/25
*52주 신고가 포함

📡 AI인프라·광통신
GLW (광섬유)

💾 메모리
MU (DRAM·HBM)

🚀 우주·방산
GE (항공엔진)

🏗 건설/인프라
CAT (건설장비/전력)

🏨 호텔·여행
AAL (항공)
DAL (항공)
UAL (항공)"
2026-06-25,22:46:07,2026-06-25T22:46:07+09:00,UTC+09:00,message4980,telegram_api,False,1,0,,,telegram_api,4980,
2026-06-25,22:46:31,2026-06-25T22:46:31+09:00,UTC+09:00,message4981,telegram_api,True,0,0,,,telegram_api,4981,"🔔중장비/전력 캐터필러도
신고가입니다

조용히 우상향하는
묵직한(?) 우량주입니다
(급등 급락보다는 꾸준한 편)"
2026-06-25,22:50:40,2026-06-25T22:50:40+09:00,UTC+09:00,message4982,telegram_api,True,0,0,,,telegram_api,4982,"↘️오늘 빅테크/SW/암호화폐쪽 분위기가
매우 좋지 않습니다

아마존은 200일선을 이탈 중이고,
팔란티어는 저점을 깨고 내려가는 중입니다"
2026-06-25,22:51:48,2026-06-25T22:51:48+09:00,UTC+09:00,message4983,telegram_api,True,0,0,,,telegram_api,4983,"소외주 저가매수/줍줍은
개인적으로는 좀 더
천천히해도 되지 않을까
생각합니다 (조금 더 긴 호흡으로)"
2026-06-25,23:12:02,2026-06-25T23:12:02+09:00,UTC+09:00,message4984,telegram_api,False,1,0,,,telegram_api,4984,
2026-06-25,23:12:28,2026-06-25T23:12:28+09:00,UTC+09:00,message4985,telegram_api,True,0,0,,,telegram_api,4985,"↗️GE도 항공기 엔진 만드는
대표 회사인데 흐름이 엄청 강합니다
(최근 박스권 돌파 중)"
2026-06-26,07:34:11,2026-06-26T07:34:11+09:00,UTC+09:00,message4989,telegram_api,False,1,0,,,telegram_api,4989,
2026-06-26,07:34:11,2026-06-26T07:34:11+09:00,UTC+09:00,message4988,telegram_api,False,1,0,,,telegram_api,4988,
2026-06-26,07:34:11,2026-06-26T07:34:11+09:00,UTC+09:00,message4987,telegram_api,False,1,0,,,telegram_api,4987,
2026-06-26,07:34:11,2026-06-26T07:34:11+09:00,UTC+09:00,message4986,telegram_api,False,1,0,,,telegram_api,4986,
2026-06-26,07:34:32,2026-06-26T07:34:32+09:00,UTC+09:00,message4990,telegram_api,True,0,0,,,telegram_api,4990,"🔔미 증시, AI인프라주 상승 vs 빅테크 약세
양극화 마감 (지수는 혼조세)"
2026-06-26,07:34:53,2026-06-26T07:34:53+09:00,UTC+09:00,message4991,telegram_api,False,1,0,,,telegram_api,4991,
2026-06-26,07:34:57,2026-06-26T07:34:57+09:00,UTC+09:00,message4992,telegram_api,False,1,0,,,telegram_api,4992,
2026-06-26,07:35:08,2026-06-26T07:35:08+09:00,UTC+09:00,message4993,telegram_api,True,0,0,,,telegram_api,4993,"↗️메모리 샌디스크/마이크론이
두자리수 상승하는 폭등을 보였습니다"
2026-06-26,07:35:14,2026-06-26T07:35:14+09:00,UTC+09:00,message4994,telegram_api,False,1,0,,,telegram_api,4994,
2026-06-26,07:35:31,2026-06-26T07:35:31+09:00,UTC+09:00,message4995,telegram_api,True,0,0,,,telegram_api,4995,"↗️메모리 호황의 수혜인
장비주도 덩달아 강세보였습니다
(장비주 슈퍼사이클 기대)"
2026-06-26,07:35:48,2026-06-26T07:35:48+09:00,UTC+09:00,message4996,telegram_api,False,1,0,,,telegram_api,4996,
2026-06-26,07:36:16,2026-06-26T07:36:16+09:00,UTC+09:00,message4997,telegram_api,True,0,0,,,telegram_api,4997,"↘️애플은 제품 가격 대폭 인상을
악재로 인식하며 하락,
다른 빅테크도 덩달아 하락했습니다
(소외주로 인식)"
2026-06-26,07:37:06,2026-06-26T07:37:06+09:00,UTC+09:00,message4998,telegram_api,False,1,0,,,telegram_api,4998,
2026-06-26,07:38:05,2026-06-26T07:38:05+09:00,UTC+09:00,message4999,telegram_api,True,0,0,,,telegram_api,4999,"😳시총상위주에서 마이크론 빼고
전부 하락입니다

*마이크론이
메타/테슬라 시총 거의 따라잡았습니다
(오늘 장중 역전하기도 했습니다)"
2026-06-26,07:38:47,2026-06-26T07:38:47+09:00,UTC+09:00,message5000,telegram_api,False,1,0,,,telegram_api,5000,
2026-06-26,07:39:04,2026-06-26T07:39:04+09:00,UTC+09:00,message5001,telegram_api,False,1,0,,,telegram_api,5001,
2026-06-26,07:39:26,2026-06-26T07:39:26+09:00,UTC+09:00,message5002,telegram_api,True,0,0,,,telegram_api,5002,"↘️비트코인 대장주 MSTR은
계속해서 저점을 깨고 내려가고 있습니다
(암호화폐 가격 부진)"
2026-06-26,07:39:46,2026-06-26T07:39:46+09:00,UTC+09:00,message5003,telegram_api,False,1,0,,,telegram_api,5003,
2026-06-26,07:40:00,2026-06-26T07:40:00+09:00,UTC+09:00,message5004,telegram_api,True,0,0,,,telegram_api,5004,"↘️SW 대장주 중 하나인 팔란티어 역시
최근 저점을 계속 하회하고 있습니다"
2026-06-26,07:40:26,2026-06-26T07:40:26+09:00,UTC+09:00,message5005,telegram_api,True,0,0,,,telegram_api,5005,"*SW 대장주 마이크로소프트 역시
최근 저점 하회했습니다"
2026-06-26,07:40:56,2026-06-26T07:40:56+09:00,UTC+09:00,message5006,telegram_api,True,0,0,,,telegram_api,5006,"소외주(빅테크/SW/암호화폐)에서
계속해서 돈이 빠져나가고,

AI인프라주로
돈이 몰리는 흐름
계속되고 있습니다"
2026-06-26,07:42:16,2026-06-26T07:42:16+09:00,UTC+09:00,message5007,telegram_api,True,0,0,,,telegram_api,5007,"🔥 주요 신고가 현황, 6/26
*52주 신고가 포함

📡 AI인프라·광통신
GLW (광섬유·)

⚙️ 반도체·장비
AMAT (반도체 장비)
TER (반도체 테스터)

💾 메모리
MU (DRAM·HBM)

⚡️ 유틸리티·전력
BE (연료전지)
GNRC (백업 발전기)

🚀 우주·방산
GE (항공엔진)

🏦 금융
JPM (대형은행)
BAC (대형은행)

🏗 건설/인프라
CAT (건설장비/전력)
URI (건설장비 렌탈)

🚚 운송·물류
AAL (항공)
DAL (항공)
UAL (항공)

💊헬스케어
MRK (제약)
UNH (건강보험)"
2026-06-26,07:42:48,2026-06-26T07:42:48+09:00,UTC+09:00,message5008,telegram_api,True,0,0,,,telegram_api,5008,"메모리/장비/광통신/전력주
주도하고 있고

유가하락으로
여행주 지속 상승세입니다"
2026-06-26,07:44:14,2026-06-26T07:44:14+09:00,UTC+09:00,message5009,telegram_api,False,1,0,,,telegram_api,5009,
2026-06-26,07:44:45,2026-06-26T07:44:45+09:00,UTC+09:00,message5010,telegram_api,True,0,0,,,telegram_api,5010,"💊미국 의료보험사 UNH
52주 신고가 돌파 중

*최악 구간 통과 후
아주 천천히(?) 스멀스멀
오르는 중입니다"
2026-06-26,07:45:51,2026-06-26T07:45:51+09:00,UTC+09:00,message5011,telegram_api,False,1,0,,,telegram_api,5011,
2026-06-26,07:46:47,2026-06-26T07:46:47+09:00,UTC+09:00,message5012,telegram_api,True,0,0,,,telegram_api,5012,"👷미국 중장비 렌탈 1위 URI도 신고가인데요,
캐터필러도 동반 신고가입니다

AI인프라 건설 등의
수혜 기대감 이어지고 있습니다

이런 주식이 오를때
하락장/침체장이 온 적은 없다고
봐도 무방합니다"
2026-06-26,07:48:56,2026-06-26T07:48:56+09:00,UTC+09:00,message5013,telegram_api,False,1,0,,,telegram_api,5013,
2026-06-26,07:50:01,2026-06-26T07:50:01+09:00,UTC+09:00,message5014,telegram_api,True,0,0,,,telegram_api,5014,"<🔔주요 ETF DAILY>

메모리/한국/반도체/인프라 등
강세보였습니다

*최근 바이오주들이
들썩이는데,
개인적으로 바이오는
잘 모르는 분야라
잘 건드리지 않는 편입니다

반대로
빅테크,SW,암호화폐 등이
특히 부진했습니다
(우주관련주도 부진 지속)"
2026-06-26,07:53:01,2026-06-26T07:53:01+09:00,UTC+09:00,message5015,telegram_api,True,0,0,,,telegram_api,5015,"<🔔마이크로소프트도 가격 인상>
8월 1일부터 Xbox 콘솔 가격
100~150달러 인상
(반도체 부품 원가 상승 명시)

*메모리발 가격인상 본격화"
2026-06-26,07:53:21,2026-06-26T07:53:21+09:00,UTC+09:00,message5016,telegram_api,True,0,0,,,telegram_api,5016,"PC, 노트북, 게임기, 스마트폰 등
HW가 엄청나게 비싸지는 시대가 도래하겠습니다"
2026-06-26,07:53:59,2026-06-26T07:53:59+09:00,UTC+09:00,message5017,telegram_api,False,1,0,,,telegram_api,5017,
2026-06-26,07:54:15,2026-06-26T07:54:15+09:00,UTC+09:00,message5018,telegram_api,True,0,0,,,telegram_api,5018,"🎙월가 ""투자자들 빅테크팔고
AI인프라주로 격렬하게 이동 중"""
2026-06-26,07:54:22,2026-06-26T07:54:22+09:00,UTC+09:00,message5019,telegram_api,False,1,0,,,telegram_api,5019,
2026-06-26,07:54:37,2026-06-26T07:54:37+09:00,UTC+09:00,message5020,telegram_api,True,0,0,,,telegram_api,5020,"🔔마소, 메모리 가격 2.5배 올라서
전세계 게임기 가격 인상"
2026-06-26,07:55:00,2026-06-26T07:55:00+09:00,UTC+09:00,message5021,telegram_api,False,1,0,,,telegram_api,5021,
2026-06-26,07:55:12,2026-06-26T07:55:12+09:00,UTC+09:00,message5022,telegram_api,True,0,0,,,telegram_api,5022,"🔔팔란티어, 7거래일 연속 하락 중
(SW주 소외 지속)"
2026-06-26,07:59:27,2026-06-26T07:59:27+09:00,UTC+09:00,message5023,telegram_api,False,1,0,,,telegram_api,5023,
2026-06-26,08:00:02,2026-06-26T08:00:02+09:00,UTC+09:00,message5024,telegram_api,True,0,0,,,telegram_api,5024,"<🍎애플 가격인상 내역표>
최소 10~50%까지 오르네요"
2026-06-26,08:00:54,2026-06-26T08:00:54+09:00,UTC+09:00,message5025,telegram_api,True,0,0,,,telegram_api,5025,"CPU도 곧 엄청 오를텐데
개인용 PC 사실분들은
지금이라도(?) 사두는게 낫겠습니다

저도 업무용 PC
한대 추가로 쟁여놀까 싶어서
오늘 견적좀 보려고합니다"
2026-06-26,08:03:29,2026-06-26T08:03:29+09:00,UTC+09:00,message5027,telegram_api,False,1,0,,,telegram_api,5027,
2026-06-26,08:03:29,2026-06-26T08:03:29+09:00,UTC+09:00,message5026,telegram_api,False,1,0,,,telegram_api,5026,
2026-06-26,08:07:05,2026-06-26T08:07:05+09:00,UTC+09:00,message5028,telegram_api,False,1,0,,,telegram_api,5028,
2026-06-26,08:07:13,2026-06-26T08:07:13+09:00,UTC+09:00,message5029,telegram_api,False,1,0,,,telegram_api,5029,
2026-06-26,08:07:48,2026-06-26T08:07:48+09:00,UTC+09:00,message5030,telegram_api,False,1,0,,,telegram_api,5030,
2026-06-26,08:08:24,2026-06-26T08:08:24+09:00,UTC+09:00,message5031,telegram_api,True,0,0,,,telegram_api,5031,"🤔사실 애플 제품 가격 인상은
이미 노출된 재료인데도,

가격을 생각보다 많이
올리고 + 추가 인상까지 한다고 하니
악재로 작용한 것 같습니다"
2026-06-26,08:11:26,2026-06-26T08:11:26+09:00,UTC+09:00,message5032,telegram_api,True,0,0,,,telegram_api,5032,"🙋‍♀️Q. 빅테크 많이 빠진 것 같은데 줍줍 어떨까요
🐵A. 많이 빠진 것은 맞습니다
(대부분 15~35% 사이 하락 중)

⭐️하지만 소외주로 분류되면
말그대로 시장에서 '소외'되는 경향이
꽤 이어지는 경우가 많기 때문에

주가가 당분간은
부진할 수 있다는 점
염두에 둬야합니다

즉, 중장기로 본다면
좋고

단기로는 수익률 측면에서
아쉬울 수 있다는 것을
참고하시고 투자하시면 되겠습니다

예) 자녀계좌, 노후자금,
중장기용 계좌 = OK

단기(예를 들면 올해 남은 기간)로는
소외주=미운오리(수익률 부진)"
2026-06-26,08:12:29,2026-06-26T08:12:29+09:00,UTC+09:00,message5033,telegram_api,True,0,0,,,telegram_api,5033,"🐵개인적으로도 저점을 맞히려고
하기보다는 아직 AI인프라 사이클
꺾이는 신호가 없기 때문에,

올 하반기쯤(3-4분기)
상황을 봐서

소외주인 빅테크, SW 등을
늘리려고 합니다

지금은 매수를 하고 있지는 않습니다
(주도주인 AI인프라로 집중)"
2026-06-26,09:26:42,2026-06-26T09:26:42+09:00,UTC+09:00,message5034,telegram_api,True,0,0,,,telegram_api,5034,"🎙월가, ""빅테크-AI인프라 내
제로섬 게임이 되고 있다""

""반도체가 빅테크 현금과 마진을
뺏는 것으로
여겨지고 있다"""
2026-06-26,09:27:16,2026-06-26T09:27:16+09:00,UTC+09:00,message5035,telegram_api,True,0,0,,,telegram_api,5035,"-> 금리인하 사이클에선
둘다 오를 수 있겠지만

현재 긴축사이클로 접어들면서
모두 같이 오르는 장은 어렵다고
봐야겠습니다

주도주 쏠림 심화 예상합니다"
2026-06-26,09:38:42,2026-06-26T09:38:42+09:00,UTC+09:00,message5036,telegram_api,False,1,0,,,telegram_api,5036,
2026-06-26,09:39:45,2026-06-26T09:39:45+09:00,UTC+09:00,message5037,telegram_api,True,0,0,,,telegram_api,5037,"<💰올해 기준금리 1회 내외 인상 반영>

매크로 전망은 손바닥 뒤집듯
바뀔 수 있으나,

현재 시장은 약 1회 내외
금리인상을 반영하면서

긴축을 염두에 두고 있습니다

따라서
모든 주식이 다 오르는 장이 아닌

제한적 자금내에서
돌고도는 순환매 및
주도주로 쏠리는 장이
더욱 심화될 것으로 보입니다"
2026-06-26,09:39:50,2026-06-26T09:39:50+09:00,UTC+09:00,message5038,telegram_api,True,0,0,,,telegram_api,5038,요약 : 오르는 것만 오른다
2026-06-26,10:39:07,2026-06-26T10:39:07+09:00,UTC+09:00,message5039,telegram_api,False,1,0,,,telegram_api,5039,
2026-06-26,10:39:47,2026-06-26T10:39:47+09:00,UTC+09:00,message5040,telegram_api,True,0,0,,,telegram_api,5040,"🔔오픈AI가 상장을 연기할 수도 있다고
발표했는데요,

스페이스X 상장 이후 흐름이 좋지 않아서
(현재 긴축장세)
상황을 봐서 유동성 기대가 붙을때
상장을 추진할 것 같습니다"
2026-06-26,18:26:43,2026-06-26T18:26:43+09:00,UTC+09:00,message5041,telegram_api,False,1,0,,,telegram_api,5041,
2026-06-26,18:28:23,2026-06-26T18:28:23+09:00,UTC+09:00,message5042,telegram_api,True,0,0,,,telegram_api,5042,"🔔프리) AI인프라주 약세 흐름입니다

하루 급등 하루 급락 등
변동성 커지고 있습니다

1. 오픈AI가 상장을 연기해서라든지
2. 애플발 메모리 가격 부담떄문이라든지

뭐 여러가지 분석과 이유들이
따라 붙습니다만

그냥 워낙 많이 오른 주식들
과열 식히고, 레버리지 털고
가는 움직임으로 보시는게
맞지 않나 싶습니다

개인적으로
사이클 고점으로 보지는 않으나,
과열은 좀 식히고 가도
이상할게 없을 것 같습니다"
2026-06-26,19:14:14,2026-06-26T19:14:14+09:00,UTC+09:00,message5043,telegram_api,False,1,0,,,telegram_api,5043,
2026-06-26,19:14:40,2026-06-26T19:14:40+09:00,UTC+09:00,message5044,telegram_api,True,0,0,,,telegram_api,5044,"🛢유가는 매우 안정적으로 잘 내려가고 있습니다

지정학 뉴스 보시는 것보다
유가 흐름 보시는 것이 더 빠르고
정확할 수 있습니다"
2026-06-26,19:14:58,2026-06-26T19:14:58+09:00,UTC+09:00,message5045,telegram_api,True,0,0,,,telegram_api,5045,"유가 하향 안정은
증시에 매우 긍정적입니다
(현재 조정은 과열 식히기로 해석 가능)"
2026-06-26,22:17:54,2026-06-26T22:17:54+09:00,UTC+09:00,message5046,telegram_api,False,1,0,,,telegram_api,5046,
2026-06-26,22:18:47,2026-06-26T22:18:47+09:00,UTC+09:00,message5047,telegram_api,True,0,0,,,telegram_api,5047,"🔔오늘은 큰 지표 발표는 없습니다
1. 오픈AI 상장 연기 검토
2. 애플 가격 인상

2개가 가장 큰 이슈입니다

1. '검토'일뿐이고
2. 가격인상도
그냥 메모리 핑계 명분이라고
생각합니다
(어차피 올렸을 것)"
2026-06-27,09:37:35,2026-06-27T09:37:35+09:00,UTC+09:00,message5051,telegram_api,False,1,0,,,telegram_api,5051,
2026-06-27,09:37:35,2026-06-27T09:37:35+09:00,UTC+09:00,message5050,telegram_api,False,1,0,,,telegram_api,5050,
2026-06-27,09:37:35,2026-06-27T09:37:35+09:00,UTC+09:00,message5049,telegram_api,False,1,0,,,telegram_api,5049,
2026-06-27,09:37:35,2026-06-27T09:37:35+09:00,UTC+09:00,message5048,telegram_api,False,1,0,,,telegram_api,5048,
2026-06-27,09:38:03,2026-06-27T09:38:03+09:00,UTC+09:00,message5052,telegram_api,True,0,0,,,telegram_api,5052,"🔔증시, AI인프라주 약세 vs 빅테크 강세 등
순환매 보였던 하루였습니다"
2026-06-27,09:38:12,2026-06-27T09:38:12+09:00,UTC+09:00,message5053,telegram_api,False,1,0,,,telegram_api,5053,
2026-06-27,09:38:41,2026-06-27T09:38:41+09:00,UTC+09:00,message5054,telegram_api,True,0,0,,,telegram_api,5054,"↗️마이크로소프트, 마이클버리의
매수 소식에 힘입어 강세,
덩달아 sw주식들도 반등세"
2026-06-27,09:39:04,2026-06-27T09:39:04+09:00,UTC+09:00,message5055,telegram_api,False,1,0,,,telegram_api,5055,
2026-06-27,09:39:20,2026-06-27T09:39:20+09:00,UTC+09:00,message5056,telegram_api,True,0,0,,,telegram_api,5056,"↗️비만약 일라이릴리,
신약 승인 기대 등 호재 부각되며
초강세 (신고가 경신)"
2026-06-27,09:40:26,2026-06-27T09:40:26+09:00,UTC+09:00,message5057,telegram_api,False,1,0,,,telegram_api,5057,
2026-06-27,09:40:33,2026-06-27T09:40:33+09:00,UTC+09:00,message5058,telegram_api,False,1,0,,,telegram_api,5058,
2026-06-27,09:40:55,2026-06-27T09:40:55+09:00,UTC+09:00,message5059,telegram_api,True,0,0,,,telegram_api,5059,"🔔AI인프라주 약세,
헬스케어 등 나머지 주식 강세 보이는
전형적 순환매 보였습니다"
2026-06-27,09:42:05,2026-06-27T09:42:05+09:00,UTC+09:00,message5060,telegram_api,False,1,0,,,telegram_api,5060,
2026-06-27,09:42:35,2026-06-27T09:42:35+09:00,UTC+09:00,message5061,telegram_api,True,0,0,,,telegram_api,5061,"💊비만약 일라이릴리,
흐름이 매우 좋습니다

개인적으로 보유 중인 주식인데
도파민은 안터지지만
꾸준히 우상향 가능한
헬스케어 대장주로 보고 있습니다"
2026-06-27,09:43:11,2026-06-27T09:43:11+09:00,UTC+09:00,message5062,telegram_api,False,1,0,,,telegram_api,5062,
2026-06-27,09:43:43,2026-06-27T09:43:43+09:00,UTC+09:00,message5063,telegram_api,True,0,0,,,telegram_api,5063,"💊미국 1위 보험사 UNH도
조용히 야금야금 고점을 높혀가고 있습니다
(도파민은 안터지나 포트에서
방어주 역할을 해주는 역할입니다)"
2026-06-27,09:44:05,2026-06-27T09:44:05+09:00,UTC+09:00,message5064,telegram_api,False,1,0,,,telegram_api,5064,
2026-06-27,09:44:18,2026-06-27T09:44:18+09:00,UTC+09:00,message5065,telegram_api,True,0,0,,,telegram_api,5065,"💊헬스케어 ETF XLV도 마찬가지로
흐름이 매우 좋습니다
(LLY, UNH 모두 포함)"
2026-06-27,09:44:30,2026-06-27T09:44:30+09:00,UTC+09:00,message5066,telegram_api,False,1,0,,,telegram_api,5066,
2026-06-27,09:44:47,2026-06-27T09:44:47+09:00,UTC+09:00,message5067,telegram_api,False,1,0,,,telegram_api,5067,
2026-06-27,09:51:17,2026-06-27T09:51:17+09:00,UTC+09:00,message5068,telegram_api,False,1,0,,,telegram_api,5068,
2026-06-27,09:51:52,2026-06-27T09:51:52+09:00,UTC+09:00,message5069,telegram_api,True,0,0,,,telegram_api,5069,"🎙마이클버리 ""마이크로소프트에 대한
신규 매수와, 팔란티어 숏포지션 절반을 청산했다""
발언과 함께

SW 주식 저평가 부각되며
마이크로소프트 및 팔란티어 등
반등을 시도했습니다"
2026-06-27,09:54:10,2026-06-27T09:54:10+09:00,UTC+09:00,message5070,telegram_api,False,1,0,,,telegram_api,5070,
2026-06-27,09:54:37,2026-06-27T09:54:37+09:00,UTC+09:00,message5071,telegram_api,True,0,0,,,telegram_api,5071,"🎙마이클버리, 마이크로소프트 350불은
매우 싸보인다 -> 발언에
마소 반등 시도했습니다"
2026-06-27,09:56:02,2026-06-27T09:56:02+09:00,UTC+09:00,message5073,telegram_api,False,1,0,,,telegram_api,5073,
2026-06-27,09:56:43,2026-06-27T09:56:43+09:00,UTC+09:00,message5074,telegram_api,True,0,0,,,telegram_api,5074,"<🔔주요 ETF DAILY>

주도주인 AI인프라가 쉬고,
소외되었던 SW, 보안 및
방어주 (헬스케어, 바이오 등)가
강했던 하루였습니다"
2026-06-27,10:08:24,2026-06-27T10:08:24+09:00,UTC+09:00,message5075,telegram_api,True,0,0,,,telegram_api,5075,"☺️이외 더 자세한 내용들은
주간 브리핑에서 공유드리겠습니다!"
